{
  "project_info": {
    "project_number": "399297402385",
    "project_id": "pat-cell",
    "storage_bucket": "pat-cell.appspot.com"
  },
  "client": [
    {
      "client_info": {
        "mobilesdk_app_id": "1:399297402385:android:d1b688de4c9d43345903b0",
        "android_client_info": {
          "package_name": "com.example.fire"
        }
      },
      "oauth_client": [],
      "api_key": [
        {
          "current_key": "AIzaSyCDy5by0jbFjEPauKktzUUxyB9eAA3x9Fc"
        }
      ],
      "services": {
        "appinvite_service": {
          "other_platform_oauth_client": []
        }
      }
    },
    {
      "client_info": {
        "mobilesdk_app_id": "1:399297402385:android:34ffaf6f44a65ebf5903b0",
        "android_client_info": {
          "package_name": "com.example.firebase"
        }
      },
      "oauth_client": [],
      "api_key": [
        {
          "current_key": "AIzaSyCDy5by0jbFjEPauKktzUUxyB9eAA3x9Fc"
        }
      ],
      "services": {
        "appinvite_service": {
          "other_platform_oauth_client": []
        }
      }
    },
    {
      "client_info": {
        "mobilesdk_app_id": "1:399297402385:android:cdabc3848ad9ff695903b0",
        "android_client_info": {
          "package_name": "com.example.first"
        }
      },
      "oauth_client": [],
      "api_key": [
        {
          "current_key": "AIzaSyCDy5by0jbFjEPauKktzUUxyB9eAA3x9Fc"
        }
      ],
      "services": {
        "appinvite_service": {
          "other_platform_oauth_client": []
        }
      }
    },
    {
      "client_info": {
        "mobilesdk_app_id": "1:399297402385:android:f71b6c49dfa5f5a35903b0",
        "android_client_info": {
          "package_name": "com.example.project_patt"
        }
      },
      "oauth_client": [],
      "api_key": [
        {
          "current_key": "AIzaSyCDy5by0jbFjEPauKktzUUxyB9eAA3x9Fc"
        }
      ],
      "services": {
        "appinvite_service": {
          "other_platform_oauth_client": []
        }
      }
    }
  ],
  "configuration_version": "1"
}